name,source,gender,wikidata,type
Zenkerstraße,wikidata,,Q37575710,way
Aalweg,,,,way
"Abzweig Zöberitz",,,,way
Achatweg,,,,way
Ackerweg,,,,way
Adolfstraße,,,,way
Advokatenweg,,,,way
Agavenweg,,,,way
Ahornweg,,,,way
Akazienweg,,,,way
Akeleistraße,,,,way
"Akener Bogen",,,,way
Alpenveilchenweg,,,,way
Altböllberg,,,,way
"Alte Heerstraße",,,,way
"Alte Schmiede",,,,way
"Alte Zollbrücke",,,,way
"Altenburger Straße",,,,way
"Alter Markt",,,,relation+way
Alvenslebenweg,,,,way
"Am Ausblick",,,,way
"Am Bahndamm",,,,way
"Am Bauhof",,,,way
"Am Berge",,,,way
"Am Bergmannstrost",,,,way
"Am Birkenholz",,,,way
"Am Birkenwäldchen",,,,way
"Am Breiten Pfuhl",,,,way
"Am Bruchsee",,,,way
"Am Brunnen",,,,way
"Am Burgberg",,,,way
"Am Donnersberg",,,,way
"Am Ellernbusch",,,,way
"Am Galgenberg",,,,way
"Am Gastronom",,,,way
"Am Gestüt Kreuz",,,,way
"Am Gesundbrunnen",,,,way
"Am Grünen Feld",,,,way
"Am Grünen Weg",,,,way
"Am Güterbahnhof",,,,way
"Am Habichtsfang",,,,way
"Am Hagedorn",,,,way
"Am Hagelsberg",,,,way
"Am Hang",,,,way
"Am Hechtgraben",,,,way
"Am Heckenweg",,,,way
"Am Heidebad",,,,way
"Am Heiderand",,,,way
"Am Heidesee",,,,way
"Am Hohen Holz",,,,way
"Am Hohen Ufer",,,,way
"Am Hügel",,,,way
"Am Kinderdorf",,,,way
"Am Kirchteich",,,,way
"Am Kirchtor",,,,way
"Am Klärwerk",,,,way
"Am Klausberg",,,,way
"Am Kleinen Teich",,,,way
"Am Krähenberg",,,,way
"Am Leipziger Turm",,,,way
"Am Meeresbrunnen",,,,way
"Am Mönchsholz",,,,way
"Am Mühlberg",,,,way
"Am Mühlholz",,,,way
"Am Nordbad",,,,way
"Am Passendorfer Damm",,,,way
"Am Rennbahnkreuz",,,,way
"Am Rosengarten",,,,way
"Am Sagisdorfer Park",,,,way
"Am Schenkteich",,,,way
"Am Schießstand",,,,way
"Am Sommerbad",,,,way
"Am Sonnenhang",,,,way
"Am Sophienhafen",,,,way
"Am Spielrain",,,,way
"Am Sportplatz",,,,way
"Am Stadion",,,,way
"Am Steintor",,,,way
"Am Tagebau",,,,way
"Am Taubenbrunnen",,,,way
"Am Teich",,,,way
"Am Treff",,,,way
"Am Tulpenbrunnen",,,,way
"Am Waldrand",,,,way
"Am Wasserturm",,,,way
"Am Wasserwerk",,,,way
"Am Weißen Graben",,,,way
"Am Wiedtkenweg",,,,way
Ammendorf,,,,way
"Ammendorfer Weg",,,,way
Ammernweg,,,,way
Amselnweg,,,,way
Amselweg,,,,way
"Amsterdamer Straße",,,,way
"An den Kreuzer Teichen",,,,way
"An den Schachthalden",,,,way
"An der Eigenen Scholle",,,,way
"An der Eselsmühle",,,,way
"An der Feuerwache",,,,way
"An der Fliederwegkaserne",,,,way
"An der Frohen Zukunft",,,,way
"An der Gärtnerei",,,,way
"An der Hulbe",,,,way
"An der Johanneskirche",,,,way
"An der Kiesgrube",,,,way
"An der Magistrale",,,,way
"An der Marienkirche",,,,way
"An der Moritzkirche",,,,way
"An der Petruskirche",,,,way
"An der Priemitzer Mark",,,,way
"An der Reide",,,,way
"An der Saalebahn",,,,way
"An der Schwemme",,,,way
"An der Schwimmhalle",,,,way
"An der Stadtschleuse",,,,way
"An der Uferstraße",,,,way
"An der Waisenhausmauer",,,,way
"An der Wilden Saale",,,,way
"An der Witschke",,,,way
Andalusierstraße,,,,way
Anemonenweg,,,,way
Anger,,,,way
"Angersdorfer Teiche",,,,way
"Angersdorfer Weg",,,,way
Angerstraße,,,,way
Angerweg,,,,way
Anglerpfad,,,,way
Anglerstraße,,,,way
"Anhalter Platz",,,,way
"Anhalter Straße",,,,way
Ankerstraße,,,,way
"Annaberger Straße",,,,way
Apfelweg,,,,way
"Apoldaer Straße",,,,way
Apollostraße,,,,way
Aprikosenweg,,,,way
Aralienstraße,,,,way
"Ascherslebener Straße",,,,way
Asternweg,,,,way
Aue,,,,way
Auenblick,,,,way
Auenweg,,,,way
Auestraße,,,,way
Augustastraße,,,,way
"Äußere Diemitzer Straße",,,,way
"Äußere Hordorfer Straße",,,,way
"Äußere Kasseler Straße",,,,way
"Äußere Leipziger Straße",,,,way
"Äußere Lettiner Straße",,,,way
"Äußere Radeweller Straße",,,,way
"Äußerer Birkhahnweg",,,,way
Azaleenstraße,,,,way
Bachstelzenweg,,,,way
"Bad Harzburger Weg",,,,way
Badstraße,,,,way
Bahnhofstraße,,,,way
Bahnstraße,,,,way
"Ballenstedter Straße",,,,way
Barbarastraße,,,,way
Barfüßerstraße,,,,way
Baumschulenweg,,,,way
Baumweg,,,,way
Beerenweg,,,,way
"Beesener Straße",,,,way
Begonienstraße,,,,way
Behelfsbrücke,,,,way
Beifußweg,,,,way
"Benkendorfer Straße",,,,way
"Bennstedter Straße",,,,way
Berghalde,,,,way
Bergmannssteig,,,,way
Bergschenkenweg,,,,way
Bergstraße,,,,way
"Berliner Chaussee",,,,way
"Berliner Straße",,,,way
"Bernburger Straße",,,,way
"Beuchlitzer Weg",,,,way
Bienenweg,,,,way
Bierrain,,,,way
Binnenhafenstraße,,,,way
Binsenweg,,,,way
Birkenweg,,,,way
Birkhahnweg,,,,way
Birnenweg,,,,way
Bischofswiese,,,,way
"Bitterfelder Straße",,,,way
"Blankenburger Weg",,,,way
Blesshuhnweg,,,,way
Blumenau,,,,way
Blumenauweg,,,,way
Blumenstraße,,,,way
Blütenweg,,,,way
Böckstraße,,,,way
Bodestraße,,,,way
Bölbergasse,,,,way
"Böllberger Weg",,,,way
Bootsweg,,,,way
Bornknechtstraße,,,,way
"Brachstedter Straße",,,,way
"Brachwitzer Straße",,,,way
Brandbergweg,,,,way
"Brandenburger Straße",,,,way
Bratschenweg,,,,way
Brauhausstraße,,,,way
"Braunlager Straße",,,,way
"Braunschweiger Bogen",,,,way
"Brehnaer Straße",,,,way
"Breite Straße",,,,way
"Breitenfelder Straße",,,,way
"Bremer Straße",,,,way
Brennnesselweg,,,,way
Broihanstraße,,,,way
Brombeerweg,,,,way
Bruchfeldweg,,,,way
"Bruckdorfer Straße",,,,way
Brückenstraße,,,,way
Brüderstraße,,,,way
Brühlstraße,,,,way
"Brunnen ""Am Treff""",,,,relation
"Brünner Straße",,,,way
Brunoswarte,,,,way
"Brüsseler Straße",,,,way
Buchenweg,,,,way
Buchsbaumweg,,,,way
"Budapester Straße",,,,way
"Bukarester Straße",,,,way
Bunastraße,,,,way
Buntkäferweg,,,,way
"Burgliebenauer Weg",,,,way
Burgstraße,,,,way
"Büschdorfer Straße",,,,way
"Büschdorfer Weg",,,,way
Celloweg,,,,way
Chemiestraße,,,,way
Christian-Wilhelm-Weg,,,,way
"Christian-Wilhelm-Weg / Naturlehrpfad I",,,,way
Chrysanthemenweg,,,,way
"Clausthaler Straße",,,,way
"Cloppenburger Straße",,,,way
"Coimbraer Straße",,,,way
"Cossebauder Weg",,,,way
Dachritzstraße,,,,way
Dachstraße,,,,way
Dachsweg,,,,way
Dahlienweg,,,,way
"Dautzscher Straße",,,,way
"Delitzscher Straße",,,,way
Delphinstraße,,,,way
"Dessauer Platz",,,,way
"Dessauer Straße",,,,way
"Deutsche Grube",,,,way
"Die Hohle",,,,way
"Diemitzer Straße",,,,way
"Dieskauer Straße",,,,way
Distelweg,,,,way
Dittenbergerstraße,,,,way
"Döckritzer Straße",,,,way
Dohlenweg,,,,way
"Dölauer Straße",,,,way
"Dölbauer Landstraße",,,,way
"Dölbauer Straße",,,,way
"Döllnitzer Weg",,,,way
Domänenstraße,,,,way
Domplatz,,,,relation+way
Domstraße,,,,way
Dorflage,,,,way
Dorfplatz,,,,way
Dorfstraße,,,,way
"Dornburger Weg",,,,way
"Dörstewitzer Weg",,,,way
Dreierbrücke,,,,way
Dreililienstraße,,,,way
Dreizahnstraße,,,,way
"Dresdener Straße",,,,way
Drosselnweg,,,,way
Drosselsang,,,,way
Drosselweg,,,,way
"Dübener Straße",,,,way
Dukatenstraße,,,,way
"Dürrenberger Straße",,,,way
Dzondistraße,,,,way
Edelweißweg,,,,way
Edlerweg,,,,way
Efeuweg,,,,way
Eibenweg,,,,way
Eichelweg,,,,way
Eichenweg,,,,way
Eidechsenweg,,,,way
Eierweg,,,,way
"Eigene Scholle",,,,way
"Eilenburger Straße",,,,way
Eisenbahnstraße,,,,way
"Eisenberger Straße",,,,way
"Eislebener Chaussee",,,,way
"Eislebener Straße",,,,way
Elbestraße,,,,way
Ellernstraße,,,,way
"Ellricher Weg",,,,way
Elsterblick,,,,way
Elsterstraße,,,,way
Enzianweg,,,,way
Erlenweg,,,,way
"Ermlitzer Straße",,,,way
Ernteweg,,,,way
Eschenweg,,,,way
Europachaussee,,,,way
Europaweg,,,,way
Fabrikstraße,,,,way
Fährstraße,,,,way
Falkenweg,,,,way
Falkstraße,,,,way
Falladaweg,,,,way
Falterweg,,,,way
Farnstraße,,,,way
Fasanenstraße,,,,way
Fasanenweg,,,,way
Faulmannstraße,,,,way
Fechterweg,,,,way
Feigenweg,,,,way
Feiningerstraße,,,,way
Feldrain,,,,way
Feldschlösschen,,,,way
Feldwiesenstraße,,,,way
Felsenstraße,,,,way
Feuersalamanderweg,,,,way
Fingerhutweg,,,,way
Finkenschlag,,,,way
Finkenweg,,,,way
Fischerring,,,,way
Fischerstecherstraße,,,,way
Fischerweg,,,,way
Flachsweg,,,,way
Fleischergasse,,,,way
Fleischerstraße,,,,way
Fleischmannstraße,,,,way
Fliederweg,,,,way
"Florentiner Bogen",,,,way
Flurstraße,,,,way
Flutgasse,,,,way
Fohlenweg,,,,way
"Försterei Habichtsfang",,,,way
Förstereiweg,,,,way
Forstmeisterweg,,,,way
Forststraße,,,,way
"Forstwerderbrücke (Katzenbuckel)",,,,way
Fortunastraße,,,,way
"Franzensbader Weg",,,,way
Franzosensteinweg,,,,way
Franzosenweg,,,,way
Fraunhoferstraße,,,,way
"Freiberger Straße",,,,way
Freiheit,,,,way
Freiimfelde,,,,way
"Freiimfelder Straße",,,,way
"Freyburger Straße",,,,way
Friedensplatz,,,,way
Friedenstraße,,,,way
Friedhofstraße,,,,way
"Friedländer Weg",,,,way
Frobergerstraße,,,,way
"Frohe Zukunft",,,,way
Froschweg,,,,way
Frühlingsweg,,,,way
Fuchsbau,,,,way
Fuchsbergstraße,,,,way
Fuchsienweg,,,,way
Fuchsweg,,,,way
Fuhneweg,,,,way
"Fußweg im Park",,,,way
Gabelsbergerstraße,,,,way
"Galerie im Grünen",,,,way
Garnisonsstraße,,,,way
Gartenstadtstraße,,,,way
Gartenstraße,,,,way
Gärtnerstraße,,,,way
Gebhard-von-Alvensleben-Weg,,,,way
Geiststraße,,,,way
Gellertstraße,,,,way
Gemeindehäuser,,,,way
"Genfer Straße",,,,way
"Genthiner Straße",,,,way
Georgstraße,,,,way
"Geraer Straße",,,,way
Geranienstraße,,,,way
Gerberastraße,,,,way
Gerberstraße,,,,way
"Gernroder Straße",,,,way
Gerstenweg,,,,way
Gertrud-Bergmann-Weg,,,,way
Gießerstraße,,,,way
"Gimritzer Damm",,,,way
"Gimritzer Gutsbrücke",,,,way
Ginsterweg,,,,way
Gitarrenweg,,,,way
Gladiolenweg,,,,way
"Glauchaer Platz",,,,way
"Glauchaer Straße",,,,way
Glockenblumenweg,,,,way
Glockenweg,,,,way
Goldammerweg,,,,way
Goldbergstraße,,,,way
Goldlackweg,,,,way
Goldregenweg,,,,way
Goldrutenweg,,,,way
Goldsteinstraße,,,,way
"Gollmaer Straße",,,,way
Göritzstraße,,,,way
"Gothaer Straße",,,,way
Götschestraße,,,,way
Götscheweg,,,,way
Gottesackerstraße,,,,way
Gotthardtstraße,,,,way
"Göttinger Bogen",,,,way
Grabenstraße,,,,way
Granatweg,,,,way
Granau,,,,way
"Granauer Straße",,,,way
"Granauer Weg",,,,way
Graseweg,,,,way
Grashalmstraße,,,,way
Grashüpferweg,,,,way
Grasnelkenweg,,,,way
"Grazer Straße",,,,way
"Greifswalder Weg",,,,way
"Grenobler Straße",,,,way
Grenzstraße,,,,way
"Greppiner Straße",,,,way
Grillenweg,,,,way
"Groninger Weg",,,,way
Großbeerenstraße,,,,way
"Große Brauhausstraße",,,,way
"Große Brunnenstraße",,,,way
"Große Gosenstraße",,,,way
"Große Klausstraße",,,,way
"Große Märkerstraße",,,,way
"Große Nikolaistraße",,,,way
"Große Schlossgasse",,,,way
"Große Steinstraße",,,,way
"Große Ulrichstraße",,,,way
"Große Wallstraße",,,,way
"Großer Berlin",,,,way
"Großer Sandberg",,,,way
Großgörschenstraße,,,,way
Grubenstraße,,,,way
"Grüner Platz",,,,way
"Grüner Weg",,,,way
"Grüner Winkel",,,,way
Guldenstraße,,,,way
"Gut Gimritz",,,,way
Gütchenstraße,,,,way
Gutenbergstraße,,,,way
Gutjahrstraße,,,,way
Gutsstraße,,,,way
Gutsweg,,,,way
Habichtsfang,,,,way
Hackebornstraße,,,,way
Häckselweg,,,,way
Hafenbahnbrücke,,,,way
Hafenbahntrasse,,,,way
Hafenstraße,,,,way
Haferweg,,,,way
Haflingerstraße,,,,way
Hagebuttenplatz,,,,way
Hainbuchenweg,,,,way
"Halberstädter Straße",,,,way
"Haldenslebener Weg",,,,way
Haldenweg,,,,way
Hallberg,,,,way
Hallbergsbreite,,,,way
Halle-Saale-Schleife,,,,way
"Hallesche Straße",,,,way
Hallmarkt,,,,relation
Hallorenring,,,,way
Hallorenstraße,,,,way
Hallweg,,,,way
Halsbandweg,,,,way
"Hamburger Straße",,,,way
"Hamelner Straße",,,,way
Hamsterweg,,,,way
Händelgalerie,,,,way
Hanfgartenstraße,,,,way
Hanfweg,,,,way
"Hanoier Straße",,,,way
Hansastraße,,,,way
Hansering,,,,way
Harfenweg,,,,way
Harz,,,,way
Harzclubstieg,,,,way
"Harzgeroder Straße",,,,way
Haselnussweg,,,,way
Haselnußweg,,,,way
Hasengarten,,,,way
Hasenweg,,,,way
Hasenwinkel,,,,way
"Hasselfelder Weg",,,,way
Hauerweg,,,,way
Hauptstraße,,,,way
Heckenrosenweg,,,,way
Heideallee,,,,way
Heidehäuser,,,,way
Heidehof,,,,way
Heidekrautweg,,,,way
Heidelbeerweg,,,,way
Heidering,,,,way
Heideringpassage,,,,way
Heidestraße,,,,way
Heideweg,,,,way
Heimstättenweg,,,,way
Helmeweg,,,,way
Hermann-Richter-Weg,,,,way
Hermannstraße,,,,way
Hermesstraße,,,,way
Herrenstraße,,,,way
Hertzstraße,,,,way
"Hettstedter Straße",,,,way
Heuschreckenweg,,,,way
Heuweg,,,,way
Hexentreppe,,,,way
Hibiskusweg,,,,way
Hildebrandweg,,,,way
"Hildesheimer Straße",,,,way
Himbeerweg,,,,way
Himmelsleiter,,,,way
"Hintere Kammstraße",,,,way
Hirseweg,,,,way
Hirtenberg,,,,way
Hirtenstraße,,,,way
Hobergweg,,,,way
Hochstraße,,,,way
Hochweg,,,,way
"Hohe Straße",,,,way
"Hohenweidener Weg",,,,way
"Hoher Weg",,,,way
"Höhnstedter Straße",,,,way
"Holleber Weg",,,,way
Höllweg,,,,way
Holunderweg,,,,way
Holzplatz,,,,way
Hoppbergsblick,,,,way
"Hordorfer Straße",,,,way
"Horst Mühlbach Weg",,,,way
Hortensienweg,,,,way
Howorkastraße,,,,way
Huflattichweg,,,,way
Hummelweg,,,,way
Hyazinthenstraße,,,,way
"I. Vereinsstraße",,,,way
"II. Vereinsstraße",,,,way
"III. Vereinsstraße",,,,way
"IV. Vereinsstraße",,,,way
Igelweg,,,,way
Ilmweg,,,,way
"Ilsenburger Weg",,,,way
Iltisweg,,,,way
"Im Langen Feld",,,,way
"Im Winkel",,,,way
Imkerweg,,,,way
Immenweg,,,,way
"In der Schleife",,,,way
Industriestraße,,,,way
"Ingolstädter Straße",,,,way
Inselstraße,,,,way
Irisweg,,,,way
Jägergasse,,,,way
Jägerplatz,,,,way
"Jamboler Straße",,,,way
Jasminweg,,,,way
"Jenaer Straße",,,,way
"Jessener Straße",,,,way
"Jeßnitzer Straße",,,,way
Joachimstalerstraße,,,,way
John-Schehr-Straße,,,,way
Joliot-Curie-Platz,,,,way
Jonasstraße,,,,way
Joseph-Haydn-Straße,,,,way
Julius-Ebeling-Straße,,,,way
Julius-Kühn-Straße,,,,way
Jungfrauenweg,,,,way
Jupiterstraße,,,,way
Kabelstraße,,,,way
"Kaiserslauterer Straße",,,,way
Kakteenweg,,,,way
Kamillenweg,,,,way
Kammstraße,,,,way
Kanalbrücke,,,,way
"Kanenaer Weg",,,,way
Kantstraße,,,,way
Kanzleigasse,,,,way
Kaolinstraße,,,,way
Kapellengasse,,,,way
Kapellenplatz,,,,way
Kardinal-Albrecht-Straße,,,,way
Karl-Beyer-Straße,,,,way
Karl-Ernst-Weg,,,,way
Karl-Freiherr-von-Fritsch-Straße,,,,way
Karl-Liebknecht-Platz,,,,way
Karl-Liebknecht-Straße,,,,way
Karl-May-Weg,,,,way
Karl-Meseberg-Straße,,,,way
Karl-Peter-Straße,,,,way
Karl-Völker-Straße,,,,way
"Karlsbader Straße",,,,way
"Karlsruher Allee",,,,way
"Kärntner Straße",,,,way
Karpfenweg,,,,way
Karzerplan,,,,way
"Kasseler Straße",,,,way
Kastanienallee,,,,way
Kastanienweg,,,,way
"Kattowitzer Straße",,,,way
Kaulenberg,,,,way
Käuzchenweg,,,,way
Kefersteinstraße,,,,way
Kellnerstraße,,,,way
Keplerstraße,,,,way
Kesselbergweg,,,,way
Kiefernweg,,,,way
"Kiewer Straße",,,,way
Kindlebengasse,,,,way
Kirchberg,,,,way
Kirchblick,,,,way
Kirchnerstraße,,,,way
Kirchstraße,,,,way
Kirchteichpromenade,,,,way
Kirchweg,,,,way
Kirschallee,,,,way
Kirschbergweg,,,,way
"Kitzener Weg",,,,way
Klaus-Peter-Rauen-Straße,,,,way
Klausbergstraße,,,,way
Klausbrücke,,,,way
"Kleine Brauhausstraße",,,,way
"Kleine Brunnenstraße",,,,way
"Kleine Gosenstraße",,,,way
"Kleine Klausstraße",,,,way
"Kleine Märkerstraße",,,,way
"Kleine Marktstraße",,,,way
"Kleine Schlossgasse",,,,way
"Kleine Schwuchtstraße",,,,way
"Kleine Steinstraße",,,,way
"Kleine Ulrichstraße",,,,way
"Kleine Wallstraße",,,,way
"Kleiner Berlin",,,,way
"Kleiner Sandberg",,,,way
Kleinschmieden,,,,way
Kleiststraße,,,,way
"Klepziger Straße",,,,way
Klettenweg,,,,way
"Klingenthaler Straße",,,,way
Klopstockstraße,,,,way
"Kloschwitzer Straße",,,,way
Klosterstraße,,,,way
Knappenstraße,,,,way
Knospenweg,,,,way
"Kockwitzer Straße",,,,way
Kohlschütterstraße,,,,way
Kolkturmring,,,,way
Kolkturmweg,,,,way
"Kollenbeyer Weg",,,,way
"Köllmer Straße",,,,way
"Köllmer Weg",,,,way
Kolonistenstraße,,,,way
"Königgrätzer Straße",,,,way
"Königsberger Weg",,,,way
"Königshütter Straße",,,,way
Kopernikusstraße,,,,way
Koppelweg,,,,way
"Korbethaer Weg",,,,way
Kornblumenweg,,,,way
Körnerstraße,,,,way
Kornweg,,,,way
"Köthener Straße",,,,way
Kranichweg,,,,way
"Kranichweg / Naturlehrpfad I",,,,way
Krausenstraße,,,,way
Kreuzerstraße,,,,way
Kreuzotterweg,,,,way
Kreuzstraße,,,,way
Kreuzvorwerk,,,,way
Kreuzweg,,,,way
Krienitzstraße,,,,way
Krienitzweg,,,,way
Krokusweg,,,,way
"Kröllwitzer Brücke",,,,way
"Kröllwitzer Straße",,,,way
"Krondorfer Straße",,,,way
Krötenweg,,,,way
Kuckucksweg,,,,way
Kuhgasse,,,,way
Kuhkammweg,,,,way
"Kühler Brunnen",,,,way
Kurallee,,,,way
Kurt-Eichel-Straße,,,,way
Kurt-Eisner-Straße,,,,way
Kurt-Freund-Straße,,,,way
Kurt-Mothes-Straße,,,,way
Kurt-Tucholsky-Straße,,,,way
"Kurze Straße",,,,way
"Kurzer Rain",,,,way
Kutschgasse,,,,way
"Küttener Weg",,,,way
Lachsweg,,,,way
Ladestraße,,,,way
Lafontainestraße,,,,way
Landrain,,,,way
"Landsberger Straße",,,,way
"Lange Straße",,,,way
"Lauchstädter Straße",,,,way
Läuferweg,,,,way
Laufkäferweg,,,,way
Laukenweg,,,,way
Laurentiusstraße,,,,way
Leibnizstraße,,,,way
"Leipziger Chaussee",,,,way
"Leipziger Straße",,,,way
Leitergasse,,,,way
Leo-Herwegen-Straße,,,,way
Leopoldstraße,,,,way
Lerchenfeldstraße,,,,way
Lerchensteg,,,,way
Lerchenweg,,,,way
"Lettiner Straße",,,,way
Leunaweg,,,,way
Libellenweg,,,,way
Lichtemannsbreite,,,,way
"Liebenauer Straße",,,,way
Liebigstraße,,,,way
"Lieskauer Straße",,,,way
"Lieskauer Weg",,,,way
Ligusterweg,,,,way
Lili-Schultz-Weg,,,,way
Lilienstraße,,,,way
Lindenstraße,,,,way
Lindenweg,,,,way
"Linzer Straße",,,,way
Loberweg,,,,way
"Lochauer Weg",,,,way
Lortzingbogen,,,,way
Louis-Braille-Straße,,,,way
Louis-Jentzsch-Straße,,,,way
"Lübecker Platz",,,,way
Luckengasse,,,,way
Ludwig-Büchner-Straße,,,,way
Ludwig-Herzfeld-Straße,,,,way
Ludwig-Stur-Straße,,,,way
Ludwig-Wucherer-Straße,,,,way
Ludwigstraße,,,,way
Luisenstraße,,,,way
"Lüneburger Bogen",,,,way
Lunzbergring,,,,way
Lupinenweg,,,,way
Lutherplatz,,,,way
Lutherstraße,,,,way
"Lützener Straße",,,,way
Luzerneweg,,,,way
"Magdeburger Chaussee",,,,way
"Magdeburger Straße",,,,way
Magnolienweg,,,,way
Maiglöckchenweg,,,,way
Maikäferweg,,,,way
"Mailänder Höhe",,,,way
Maisweg,,,,way
Malachitweg,,,,way
Malderitzstraße,,,,way
Malvenweg,,,,way
Mandolinenweg,,,,way
"Mannheimer Straße",,,,way
"Mansfelder Straße",,,,way
Marderweg,,,,way
Margueritenweg,,,,way
"Marienbader Weg",,,,way
Marienkäferweg,,,,way
Marienstraße,,,,way
Mark-Twain-Straße,,,,way
Marktplatz,,,,relation+way
Marsstraße,,,,way
Marthastraße,,,,way
Martinstraße,,,,way
"Maschwitzer Straße",,,,way
Matthias-Claudius-Straße,,,,way
Matthias-Grünewald-Straße,,,,way
Matzwinkel,,,,way
Mauerstraße,,,,way
Max-Heder-Straße,,,,way
Max-Klinger-Weg,,,,way
Max-Lademann-Straße,,,,way
Max-Liebermann-Straße,,,,way
Max-Maercker-Straße,,,,way
Max-Nenke-Straße,,,,way
Max-Planck-Straße,,,,way
Max-Reger-Straße,,,,way
Max-Sauerlandt-Ring,,,,way
Maxim-Gorki-Straße,,,,way
Maybachstraße,,,,way
"Meisdorfer Straße",,,,way
Meisenweg,,,,way
Melanchthonplatz,,,,way
Melanchthonstraße,,,,way
Mendelejewstraße,,,,way
Mendelssohn-Bartholdy-Straße,,,,way
Merkurstraße,,,,way
"Merseburger Straße",,,,way
Messestraße,,,,way
Milanweg,,,,way
Milchstraße,,,,way
"Mindener Straße",,,,way
"Minsker Straße",,,,way
Mispelweg,,,,way
Mittelstraße,,,,way
Möckernstraße,,,,way
Mohnweg,,,,way
Moosbeerweg,,,,way
Moosweg,,,,way
Mörikestraße,,,,way
Moritzburgring,,,,way
Moritzkirchhof,,,,way
Moritzzwinger,,,,way
Morlstraße,,,,way
Moses-Biletzky-Straße,,,,way
"Moskauer Straße",,,,way
"Mötzlicher Straße",,,,way
Möwenstraße,,,,way
Mozartstraße,,,,way
Mühlberg,,,,way
Mühlbreite,,,,way
Mühlenweg,,,,way
Mühlgasse,,,,way
Mühlpforte,,,,way
Mühlrain,,,,way
Mühlstraße,,,,way
Mühlweg,,,,way
Muldestraße,,,,way
Müllerweg,,,,way
"Murmansker Straße",,,,way
Mustangweg,,,,way
Myrtenweg,,,,way
Nachtigallensteig,,,,way
Nachtigallenweg,,,,way
Narzissenweg,,,,way
"Naturlehrpfad I",,,,way
Naturpfad,,,,way
"Nauendorfer Straße",,,,way
Nauestraße,,,,way
Nelkenstraße,,,,way
Neptunweg,,,,way
Nesselweg,,,,way
Netzweg,,,,way
"Neukirchener Weg",,,,way
Neumarktstraße,,,,way
Neunhäuser,,,,way
Neuragoczystraße,,,,way
"Neustädter Passage",,,,relation+way
Neuwerk,,,,way
Nickel-Hoffmann-Straße,,,,way
"Niemberger Weg",,,,way
Niemeyerstraße,,,,way
"Nietlebener Straße",,,,way
Nikolaus-Weins-Straße,,,,way
Nordstraße,,,,way
Nussweg,,,,way
Ochsenbrücke,,,,way
"Oebisfelder Weg",,,,way
"Oelsnitzer Straße",,,,way
Offenbachstraße,,,,way
"Oldenburger Straße",,,,way
Oleanderweg,,,,way
Oleariusstraße,,,,way
Olivinweg,,,,way
"Olmützer Straße",,,,way
Onyxweg,,,,way
Opalweg,,,,way
"Oppiner Straße",,,,way
Orchideenweg,,,,way
Orgelweg,,,,way
Orionstraße,,,,way
"Osendorfer Damm",,,,way
"Osendorfer Straße",,,,way
"Osnabrücker Straße",,,,way
Osramstraße,,,,way
Osterglockenweg,,,,way
"Osteroder Weg",,,,way
"Ostrauer Straße",,,,way
Otto-Bruder-Straße,,,,way
Otto-Dix-Straße,,,,way
Otto-Eißfeldt-Straße,,,,way
Otto-Hahn-Straße,,,,way
Otto-Kanning-Straße,,,,way
Otto-Kilian-Straße,,,,way
Otto-Nagel-Straße,,,,way
Otto-Schlag-Straße,,,,way
Otto-Schlüter-Straße,,,,way
Otto-Schmeil-Straße,,,,way
Otto-Stomps-Straße,,,,way
Otto-von-Guericke-Straße,,,,way
Ottostraße,,,,way
"Ouluer Straße",,,,way
Packhofgasse,,,,way
Palmenstraße,,,,way
Pappelallee,,,,way
Pappelweg,,,,way
Paracelsusstraße,,,,way
Parkstraße,,,,way
Parkweg,,,,way
"Passendorfer Straße",,,,way
"Passendorfer Weg",,,,way
Paul-Frankl-Weg,,,,way
Paul-Hindemith-Straße,,,,way
Paul-Klee-Weg,,,,way
Paul-Riebeck-Straße,,,,way
Paul-Singer-Straße,,,,way
Paul-Thiersch-Straße,,,,way
"Peißener Straße",,,,way
Peißnitzinsel,,,,way
Peißnitzstraße,,,,way
"Pekinger Straße",,,,way
Petersbergstraße,,,,way
"Pfälzer Brücke",,,,way
"Pfälzer Straße",,,,way
"Pfälzer Ufer",,,,way
Pfännerhöhe,,,,way
Pfarrgasse,,,,way
Pfarrstraße,,,,way
Pfeilkrautweg,,,,way
Pfirsichweg,,,,way
Pflaumenweg,,,,way
Philipp-Reis-Straße,,,,way
Philipp-von-Ladenberg-Straße,,,,way
Pianoweg,,,,way
Pirolweg,,,,way
Plan,,,,way
"Planenaer Landstraße",,,,way
"Planenaer Weg",,,,way
Platanenstraße,,,,way
"Platz Drei Lilien",,,,way
"Platz der Einheit",,,,way
"Platz der Völkerfreundschaft",,,,way
Pleißestraße,,,,way
"Plößnitzer Straße",,,,way
Plutostraße,,,,way
Polarisstraße,,,,way
Ponyweg,,,,way
Porphyrstraße,,,,way
Postbotenweg,,,,way
Posthornstraße,,,,way
Posthornweg,,,,way
Poststraße,,,,way
Prachtkäferweg,,,,way
Praetoriusstraße,,,,way
"Prager Straße",,,,way
Preßlersberg,,,,way
Priemitzstraße,,,,way
Primelweg,,,,way
Prof.-Friedrich-Hoffmann-Straße,,,,way
Pulverweiden,,,,way
Puschkinstraße,,,,way
Pyrastraße,,,,way
Quarzweg,,,,way
"Quedlinburger Weg",,,,way
"Queiser Straße",,,,way
Quellgasse,,,,way
"Querfurter Straße",,,,way
Querstraße,,,,way
"Rabatzer Straße",,,,way
Rabeninselbrücke,,,,way
"Radeweller Straße",,,,way
"Radeweller Weg",,,,way
Radieschenweg,,,,way
Raffineriestraße,,,,way
"Raguhner Straße",,,,way
Rainstraße,,,,way
"Rannische Straße",,,,way
"Rannischer Platz",,,,way
Rappenweg,,,,way
Rapsweg,,,,way
"Raßnitzer Straße",,,,way
Rathausstraße,,,,way
Rathenauplatz,,,,way
Ratswerder,,,,way
"Rattmannsdorfer Weg",,,,way
Rauchfußstr,,,,way
Rebenweg,,,,way
Rebhuhnweg,,,,way
"Regensburger Straße",,,,way
Reichardtstraße,,,,way
"Reichenberger Straße",,,,way
Reichsbahnsiedlung,,,,way
Reidebachbrücke,,,,way
"Reideburger Landstraße",,,,way
"Reideburger Straße",,,,way
Reidenfeld,,,,way
Reileck,,,,way
Reilshof,,,,way
Reilstraße,,,,way
Rembrandtstraße,,,,way
"Rennbahn-Passendorfer Wiesen",,,,way
Rennbahnkreuz,,,,way
Rennbahnring,,,,way
Resedenweg,,,,way
Rettichweg,,,,way
Reusenweg,,,,way
Richard-Horn-Straße,,,,way
Richard-Paulick-Straße,,,,way
Richard-Richter-Platz,,,,way
Richard-Schatz-Straße,,,,way
Richard-Wagner-Straße,,,,way
Riebeckplatz,,,,way
Riedweg,,,,way
Riemenschneiderweg,,,,way
"Riesaer Straße",,,,way
"Rigaer Straße",,,,way
Ringelnatterweg,,,,way
Ringelnatzweg,,,,way
Ringerweg,,,,way
Ringstraße,,,,way
Riveufer,,,,way
Robert-Blum-Straße,,,,way
Robert-Bunsen-Weg,,,,way
Robert-Franz-Ring,,,,way
Robert-Herzau-Straße,,,,way
Robert-Mühlpforte-Straße,,,,way
Robinienweg,,,,way
"Rochlitzer Straße",,,,way
"Rockendorfer Weg",,,,way
"Rodelbahn (nord)",,,,way
"Rodelbahn (süd)",,,,way
"Rodelbahn (west)",,,,way
Röderberg,,,,way
Roggenweg,,,,way
Roitschweg,,,,way
Röntgenstraße,,,,way
Rooseveltstraße,,,,way
"Röpziger Straße",,,,way
Rosa-Luxemburg-Platz,,,,way
"Rosenfelder Straße",,,,way
Rosenkäferweg,,,,way
Rosenstraße,,,,way
Rosenwinkel,,,,way
Röserstraße,,,,way
Rossplatz,,,,way
"Rostocker Weg",,,,way
Roßbachstraße,,,,way
"Roßlauer Straße",,,,way
Rotbuchenweg,,,,way
Rotdornweg,,,,way
Rotkehlchenweg,,,,way
Rubinweg,,,,way
Rudererweg,,,,way
Rudolf-Breitscheid-Straße,,,,way
Rudolf-Claus-Straße,,,,way
Rudolf-Ernst-Weise-Straße,,,,way
Rudolf-Haym-Straße,,,,way
Rüsternweg,,,,way
Saalberg,,,,way
Saalekai,,,,way
Saalepromenade,,,,way
Saalering,,,,way
Saalestraße,,,,way
"Saalfelder Straße",,,,way
Saalwerderstraße,,,,way
Saatweg,,,,way
"Sagisdorfer Straße",,,,way
Salamanderweg,,,,way
Salpeterstraße,,,,way
Salzbinsenweg,,,,way
"Salzburger Straße",,,,way
Salzgrafenplatz,,,,way
Salzgrafenstraße,,,,way
"Salzmünder Straße",,,,way
Salzstraße,,,,way
Samuel-Scheidt-Weg,,,,way
Sandberg,,,,way
Sandbergweg,,,,way
Sandbirkenweg,,,,way
Sanddornweg,,,,way
Saturnstraße,,,,way
Schachtstraße,,,,way
Schafbrücke,,,,way
Schafgarbenweg,,,,way
Schafschwingelweg,,,,way
Scharnhorststraße,,,,way
Scharrenstraße,,,,way
Schieferstraße,,,,way
"Schieloer Straße",,,,way
"Schiepziger Straße",,,,way
"Schiepziger Weg",,,,way
"Schierker Weg",,,,way
Schilfkäferweg,,,,way
Schilfstraße,,,,way
Schimmelstraße,,,,way
Schinkelstraße,,,,way
"Schkeuditzer Straße",,,,way
"Schkopauer Weg",,,,way
Schlehenweg,,,,way
Schleiermacherstraße,,,,way
Schleifweg,,,,way
"Schleizer Straße",,,,way
Schlenkerweg,,,,way
"Schlettauer Weg",,,,way
Schleusenstraße,,,,way
Schlossberg,,,,way
Schlosserstraße,,,,way
Schmeerstraße,,,,way
Schmelzerstraße,,,,way
Schmetterlingsweg,,,,way
Schmiedeweg,,,,way
Schmiedstraße,,,,way
"Schneeberger Straße",,,,way
Schneeglöckchenweg,,,,way
Schnepfenweg,,,,way
Schnitzelmietenweg,,,,way
"Schönebecker Straße",,,,way
Schönitzstraße,,,,way
"Schönnewitzer Straße",,,,way
Schopenhauerstraße,,,,way
Schreberstraße,,,,way
Schulberg,,,,way
Schülershof,,,,way
Schulgartenweg,,,,way
Schulhof,,,,way
Schulplatz,,,,way
Schulring,,,,way
Schulstraße,,,,way
Schultze-Galléra-Weg,,,,way
Schützenstraße,,,,way
Schwalbenweg,,,,way
Schwanenbrücke,,,,way
Schwanenweg,,,,way
"Schwarzenberger Straße",,,,way
Schwarzerlenweg,,,,way
Schwedenweg,,,,way
Schwelereistraße,,,,way
"Schwerzer Straße",,,,way
Schwetschkestraße,,,,way
Schwimmerweg,,,,way
Schwuchtstraße,,,,way
"Seebener Blick",,,,way
"Seebener Straße",,,,way
Seerosenweg,,,,way
Seggenweg,,,,way
Selkestraße,,,,way
Semmelweisstraße,,,,way
Senefelderstraße,,,,way
Senffstraße,,,,way
"Sennewitzer Landstraße",,,,way
Sesamweg,,,,way
Siedlerstraße,,,,way
"Siedlung Neuglück",,,,way
"Siedlung Süd",,,,way
"Sietzscher Straße",,,,way
Silbergrasweg,,,,way
Silbertalerstraße,,,,way
Siriusstraße,,,,way
Smaragdweg,,,,way
Solarsiedlung,,,,way
"Soltauer Straße",,,,way
Sommerweg,,,,way
"Sonneberger Straße",,,,way
Sonnenblumenweg,,,,way
Sonnenweg,,,,way
Sorbenweg,,,,way
Spargelweg,,,,way
Spechtenweg,,,,way
Spechtweg,,,,way
"Spickendorfer Straße",,,,way
Spiegelstraße,,,,way
Spitze,,,,way
Springerweg,,,,way
Springkrautweg,,,,way
"St. Petersburger Straße",,,,way
Stachelbeerweg,,,,way
Stadelberg,,,,way
Stadtforststraße,,,,way
Stadtgutweg,,,,way
"Staßfurter Straße",,,,way
Steffensstraße,,,,way
Steg,,,,way
Steigerstraße,,,,way
"Steiler Berg",,,,way
Steinbeckstraße,,,,way
Steinbockgasse,,,,way
Steinbruchweg,,,,way
Steinmühlenbrücke,,,,way
Steinstraße,,,,way
Steinweg,,,,way
"Stendaler Straße",,,,way
Sternstraße,,,,way
"Stichelsdorfer Straße",,,,way
"Stichelsdorfer Weg",,,,way
"Stieger Weg",,,,way
Stieglitzweg,,,,way
"Stille Straße",,,,way
"Stolberger Straße",,,,way
Stolzestraße,,,,way
"Straßburger Weg",,,,way
"Straße der Befreiung",,,,way
"Straße der Bergarbeiter",,,,way
"Straße der Einheit",,,,way
"Straße der Handwerker",,,,way
"Straße der Opfer des Faschismus",,,,way
"Straße der Republik",,,,way
"Straße der Waggonbauer",,,,way
Strauchweg,,,,way
Strohweg,,,,way
Südpromenade,,,,way
Südstadtring,,,,way
Südstraße,,,,way
"Suhler Straße",,,,way
Sumpf,,,,way
Talamtstraße,,,,way
Talstraße,,,,way
"Tangermünder Straße",,,,way
Tannenweg,,,,way
"Tannwalder Weg",,,,way
Taucherweg,,,,way
Taxusweg,,,,way
Teichstraße,,,,way
Teichweg,,,,way
"Teutschenthaler Landstraße",,,,way
"Teutschenthaler Straße",,,,way
"Thaler Weg",,,,way
Thaliapassage,,,,way
"Thüringer Straße",,,,way
"Tiefe Straße",,,,way
Tiergartenstraße,,,,way
"Tiranaer Straße",,,,way
"Tiroler Weg",,,,way
Tittelweg,,,,way
Topasweg,,,,way
Töpferplan,,,,way
"Torgauer Straße",,,,way
"Tornauer Weg",,,,way
Torstraße,,,,way
Traberstraße,,,,way
Trafoweg,,,,way
Trakehnerstraße,,,,way
Trappenweg,,,,way
Traubenweg,,,,way
Triftstraße,,,,way
Trödel,,,,way
"Trothaer Straße",,,,way
"Trothaer Weg",,,,way
Tuchrähmen,,,,way
Tulpenstraße,,,,way
Tulpenweg,,,,way
"Turiner Eck",,,,way
Türkisweg,,,,way
Turmalinweg,,,,way
Turmstraße,,,,way
Turnerweg,,,,way
"Uelzener Weg",,,,way
"Ufaer Straße",,,,way
Uferstraße,,,,way
Uhuweg,,,,way
Ulmenweg,,,,way
Universitätsplatz,,,,way
Universitätsring,,,,way
Unstrutstraße,,,,way
Unterberg,,,,way
"Unterer Galgenbergweg",,,,way
Unterplan,,,,way
Uranusstraße,,,,way
"V. Vereinsstraße",,,,way
Veilchenweg,,,,way
Venusstraße,,,,way
"Verlängerte Apoldaer Straße",,,,way
"Verlängerte Freiimfelder Straße",,,,way
"Verlängerte Mötzlicher Straße",,,,way
"Verlängerter Landrain",,,,way
"Veszpremer Straße",,,,way
Violaweg,,,,way
Violinenweg,,,,way
Vogelherd,,,,way
Vogelsang,,,,way
Vogelweide,,,,way
Vogesenstraße,,,,way
"Vor dem Hamstertor",,,,way
Wacholderweg,,,,way
Wachtelweg,,,,way
Wackenroderstraße,,,,way
Waidmannsweg,,,,way
Waisenhausring,,,,way
Waldheil,,,,way
Waldmeisterstraße,,,,way
Waldstraße,,,,way
"Wallendorfer Straße",,,,way
Walter-Häbich-Straße,,,,way
"Warschauer Straße",,,,way
Wasserstraße,,,,way
Wasserweg,,,,way
"Weg 91",,,,way
Wegastraße,,,,way
Wegscheiderstraße,,,,way
Weidaweg,,,,way
Weidenkätzchenweg,,,,way
Weidenplan,,,,way
Weidenweg,,,,way
Weinberg,,,,way
Weinbergweg,,,,way
Weingärten,,,,way
Weißbuchenweg,,,,way
Weißdornweg,,,,way
"Weißenfelser Straße",,,,way
Weizenweg,,,,way
"Werdauer Straße",,,,way
Werderstraße,,,,way
"Wernigeröder Straße",,,,way
Werrastraße,,,,way
Wespenweg,,,,way
Weststraße,,,,way
"Wettiner Straße",,,,way
Wickenweg,,,,way
Wiedtkenweg,,,,way
"Wiener Straße",,,,way
Wieselweg,,,,way
Wiesengrund,,,,way
Wiesenstraße,,,,way
Wiesenweg,,,,way
Wildentenweg,,,,way
Wildrosenweg,,,,way
Wilhelm-Berndt-Straße,,,,way
Windmühlenstraße,,,,way
Windmühlenweg,,,,way
Winterweg,,,,way
Wipperweg,,,,way
"Wippraer Weg",,,,way
"Wismarer Weg",,,,way
"Wittenberger Straße",,,,way
"Wolfener Straße",,,,way
"Wolfsburger Straße",,,,way
Wolfsschluchtweg,,,,way
"Wörlitzer Straße",,,,way
"Wörmlitzer Platz",,,,way
"Wörmlitzer Straße",,,,way
Würfelnatterweg,,,,way
"Wurzener Straße",,,,way
Zanderweg,,,,way
Zapfenstraße,,,,way
Zapfenweg,,,,way
Zechenhausstraße,,,,way
Zeisigweg,,,,way
"Zeitzer Straße",,,,way
"Zerbster Straße",,,,way
Zieglerstraße,,,,way
Zinksgartenstraße,,,,way
"Zittauer Straße",,,,way
"Zöberitzer Straße",,,,way
"Zöberitzer Weg",,,,way
Zollrain,,,,way
Zollrainuse_sidepath,,,,way
"Zörbiger Straße",,,,way
"Zöschener Straße",,,,way
"Zscherbener Landstraße",,,,way
"Zscherbener Straße",,,,way
"Zum Böllberger Ufer",,,,way
"Zum Burgholz",,,,way
"Zum Goldberg",,,,way
"Zum Heizkraftwerk",,,,way
"Zum Hufeisensee",,,,way
"Zum Inselblick",,,,way
"Zum Planetarium",,,,way
"Zum Saaleblick",,,,way
"Zum Teich",,,,way
"Zur Elsteraue",,,,way
"Zur Gartenstadt",,,,way
"Zur Morgenröte",,,,way
"Zur Neuen Schule",,,,way
"Zur Rabeninsel",,,,way
"Zur Saaleaue",,,,way
"Zur Sternwarte",,,,way
"Züricher Straße",,,,way
"Zwebendorfer Straße",,,,way
"Zwickauer Straße",,,,way
Zwillingstraße,,,,way
Zwingerstraße,,,,way
"Zwintschönaer Landstraße",,,,way
"Zwintschönaer Straße",,,,way
